"Ref_Date","index","year","GDPGrowth","GDP","relGDP","index2","labcomp","emp","rel_labcomp","cpi","rel_labcomp_real","rel_labcomp_real_pc"
Jan 2001,1.01386854008108,2001,0.0164305508555957,222.271,1,1.05657057478431,0.496807937259108,2332.6,1,93.4,1,1
Feb 2001,0.999880560186867,2001,0.0164305508555957,222.271,1,1.04161341665842,0.502215991302437,2336.8,1.01088560314307,95.7,0.986590546850184,0.984817318376728
Mar 2001,1.00212353225655,2001,0.0164305508555957,222.271,1,1.04401179642247,0.509864111358563,2341.3,1.02628012380697,95.6,1.00266279878212,0.998937019792074
Apr 2001,1.00783955253864,2001,0.0164305508555957,222.271,1,1.05012385976947,0.514870648429141,2347.4,1.03635753339547,95.7,1.01145029905054,1.00507325873958
May 2001,1.00836163860823,2001,0.0164305508555957,222.271,1,1.05068211935786,0.521269068526321,2352,1.04923659513607,99.2,0.987890100662389,0.97974168741713
Jun 2001,1.00408114780154,2001,0.0164305508555957,222.271,1,1.0461050483057,0.521806487752602,2356.8,1.05031833958091,99.5,0.985926963988511,0.975803307959776
Jul 2001,0.994438929439132,2001,0.0164305508555957,222.271,1,1.03579475433748,0.524089336122505,2362.5,1.0549133715816,97.9,1.00642399290829,0.993686605654125
Aug 2001,0.99581614255102,2001,0.0164305508555957,222.271,1,1.03726738973182,0.525628590715394,2368.5,1.05801166063346,97.8,1.0104119540201,0.995096864660027
Sep 2001,0.986435669615643,2001,0.0164305508555957,222.271,1,1.02723697661634,0.526827406977271,2374,1.06042469829242,98.6,1.00449966349404,0.986982272563689
Oct 2001,0.991473267669805,2001,0.0164305508555957,222.271,1,1.03262361223067,0.528968436384682,2379,1.0647342699535,97.4,1.02100801656732,1.001094283079
Nov 2001,1.0004122092558,2001,0.0164305508555957,222.271,1,1.04218190183295,0.531437433521141,2384,1.06970399155272,93.9,1.0640080171568,1.0410675758473
Dec 2001,0.9959362552813,2001,0.0164305508555957,222.271,1,1.03739582465333,0.53143051552297,2388.5,1.0696900666581,95.4,1.04726469838435,1.02275471444477
Jan 2002,1.0009717478636,2002,0.02290897148076,227.363,1.02290897148076,1.04278020891501,0.538481776184326,2394.7,1.08388319871686,96.7,1.04689442357967,1.01974607777256
Feb 2002,0.995531246307982,2002,0.02290897148076,227.363,1.02290897148076,1.03696275402396,0.532718901655894,2399.4,1.07228339505787,97.2,1.03036285080664,1.00167724672483
Mar 2002,1.00388586269295,2002,0.02290897148076,227.363,1.02290897148076,1.04589623257455,0.533714638260957,2404.6,1.07428766377096,97.5,1.02911249021752,0.998298176279371
Apr 2002,1.01221756796732,2002,0.02290897148076,227.363,1.02290897148076,1.05480521258378,0.537464557374419,2411.4,1.08183568954154,99,1.02064094346647,0.987288324097984
May 2002,1.01719969079495,2002,0.02290897148076,227.363,1.02290897148076,1.06013252928705,0.541114802698453,2416.9,1.08918308689629,99.4,1.02343762893474,0.987740747756705
Jun 2002,1.01661901313505,2002,0.02290897148076,227.363,1.02290897148076,1.05951161850186,0.540396605256828,2422.5,1.08773746296848,99.9,1.01696375416673,0.979223798955342
Jul 2002,1.01278241025097,2002,0.02290897148076,227.363,1.02290897148076,1.05540919081485,0.540894154967338,2429,1.08873895604699,99.9,1.01790008503292,0.977502568278215
Aug 2002,1.01709990161256,2002,0.02290897148076,227.363,1.02290897148076,1.06002582606103,0.54191692638104,2433.2,1.09079764178245,100.1,1.0177872102146,0.975707071571004
Sep 2002,1.02265582354788,2002,0.02290897148076,227.363,1.02290897148076,1.06596669840644,0.544125133191736,2438.4,1.09524243149914,101.4,1.00883277220927,0.96506041849382
Oct 2002,1.02482093108214,2002,0.02290897148076,227.363,1.02290897148076,1.06828181867358,0.548856133677295,2442.1,1.1047652271929,102.5,1.00668363141285,0.961545488978178
Nov 2002,1.02688390170166,2002,0.02290897148076,227.363,1.02290897148076,1.07048772531618,0.552590760373749,2445.8,1.11228247161749,103,1.00861342571916,0.961931342232611
Dec 2002,1.03457063051752,2002,0.02290897148076,227.363,1.02290897148076,1.07870704070261,0.55210923129058,2449.3,1.11131322566336,103.3,1.00480789232292,0.956932547924896
Jan 2003,1.03343712983244,2003,0.0346186494724297,235.234,1.05832069860666,1.07749500371723,0.556724082227911,2453.4,1.12060222970543,103.5,1.01124877540567,0.961457118085624
Feb 2003,1.04176356244539,2003,0.0346186494724297,235.234,1.05832069860666,1.08639834574076,0.556393474736405,2457.3,1.11993676632066,103.8,1.00772730225771,0.956588412178541
Mar 2003,1.04682110767423,2003,0.0346186494724297,235.234,1.05832069860666,1.09180631059978,0.557307287678924,2461.6,1.12177613496594,104.9,0.998797817024013,0.946455877474087
Apr 2003,1.03553441424896,2003,0.0346186494724297,235.234,1.05832069860666,1.07973760163988,0.556506984522172,2467,1.12016524452573,104.9,0.997363525631108,0.943028034003697
May 2003,1.04295058205886,2003,0.0346186494724297,235.234,1.05832069860666,1.087667609794,0.556712066757404,2470.8,1.12057804436215,104.2,1.00443367891962,0.948252387667117
Jun 2003,1.04535380159955,2003,0.0346186494724297,235.234,1.05832069860666,1.09023734001617,0.560078947235333,2475.8,1.12735507070457,104.7,1.00568255591028,0.947513987364217
Jul 2003,1.05126316704823,2003,0.0346186494724297,235.234,1.05832069860666,1.09655614474052,0.566341465078984,2479.6,1.1399605815549,104.3,1.02082759652184,0.960309102938716
Aug 2003,1.05139905018373,2003,0.0346186494724297,235.234,1.05832069860666,1.09670144274349,0.569237830655041,2483.7,1.1457905318412,104.2,1.02703297191908,0.964551721342528
Sep 2003,1.04993384429563,2003,0.0346186494724297,235.234,1.05832069860666,1.09513471786106,0.575144344671797,2488.6,1.15767946028574,104.8,1.03174867930046,0.967072638968198
Oct 2003,1.05506904145413,2003,0.0346186494724297,235.234,1.05832069860666,1.10062571488051,0.578361122794688,2492.7,1.16415435305947,104.3,1.04249296812804,0.975536204699912
Nov 2003,1.05452978796563,2003,0.0346186494724297,235.234,1.05832069860666,1.10004909840276,0.581939366321977,2496.4,1.17135682157684,104.7,1.04493531170274,0.976372419515229
Dec 2003,1.06054815826642,2003,0.0346186494724297,235.234,1.05832069860666,1.10648446054438,0.589300025348869,2499.8,1.18617272622503,104.6,1.05916379186824,0.988321250064746
Jan 2004,1.06185582868791,2004,0.0556382155640767,248.322,1.11720377377166,1.1078827348784,0.593694046502501,2504.1,1.1950172329732,104.6,1.06706127686134,0.993980725373097
Feb 2004,1.0734701632908,2004,0.0556382155640767,248.322,1.11720377377166,1.12030178612784,0.598175634948762,2509.2,1.20403799957163,104.6,1.07511614875707,0.999448401319444
Mar 2004,1.07480663976277,2004,0.0556382155640767,248.322,1.11720377377166,1.12173086238288,0.602931849717126,2513.7,1.21361154784182,104.9,1.08056547729672,1.00271592964249
Apr 2004,1.07825314063268,2004,0.0556382155640767,248.322,1.11720377377166,1.12541615925076,0.609943604967877,2518.1,1.22772516142342,105.2,1.09001454445768,1.00971682077836
May 2004,1.08417416712597,2004,0.0556382155640767,248.322,1.11720377377166,1.13174743297274,0.613763887404834,2522.6,1.23541481803003,106.1,1.08753764377007,1.00562527069613
Jun 2004,1.09144605091833,2004,0.0556382155640767,248.322,1.11720377377166,1.13952316017409,0.620331525378311,2529,1.24863449002181,107.1,1.08891187085002,1.00434789637989
Jul 2004,1.07910710349459,2004,0.0556382155640767,248.322,1.11720377377166,1.12632929021434,0.623391465200579,2534.7,1.25479369077683,106.4,1.10148243156537,1.01365760045346
Aug 2004,1.08764572571677,2004,0.0556382155640767,248.322,1.11720377377166,1.13545952372341,0.629646427862018,2542.1,1.26738399417646,106.2,1.11462961446405,1.02277055926157
Sep 2004,1.09034248704017,2004,0.0556382155640767,248.322,1.11720377377166,1.13834313421233,0.63738247931594,2547.6,1.28295550757981,106.3,1.12726288248311,1.03212961205845
Oct 2004,1.09561130367324,2004,0.0556382155640767,248.322,1.11720377377166,1.14397700873268,0.639334720194336,2552.7,1.28688507619574,106,1.13391571808191,1.03614674814818
Nov 2004,1.10469726058107,2004,0.0556382155640767,248.322,1.11720377377166,1.15369249983455,0.647925326474872,2557.8,1.30417668052865,106.7,1.14161295184045,1.04110030943117
Dec 2004,1.10385779327718,2004,0.0556382155640767,248.322,1.11720377377166,1.15279486877555,0.655899684760502,2562.6,1.32022786990704,106.4,1.15892183317028,1.05490559121712
Jan 2005,1.10011363410028,2005,0.0441362424593874,259.282,1.16651295040739,1.14879128989704,0.661951931870293,2568.5,1.33241013724999,106.1,1.17292277869132,1.06519745905212
Feb 2005,1.10766196529049,2005,0.0441362424593874,259.282,1.16651295040739,1.15686261857012,0.668755509991894,2575.5,1.34610472143706,106.2,1.18386234446537,1.07221017460684
Mar 2005,1.1133591344146,2005,0.0441362424593874,259.282,1.16651295040739,1.16295452462829,0.677219407674363,2582.3,1.36314128033176,106.9,1.19099528141241,1.07582991651729
Apr 2005,1.12438083526841,2005,0.0441362424593874,259.282,1.16651295040739,1.17473988060774,0.683414110930687,2589.2,1.37561029057041,107.6,1.19407064255833,1.07573350101636
May 2005,1.13259906233747,2005,0.0441362424593874,259.282,1.16651295040739,1.18352751990347,0.692737660912107,2598,1.39437720084334,107.4,1.21261480967195,1.08873953234827
Jun 2005,1.12652259303491,2005,0.0441362424593874,259.282,1.16651295040739,1.17703003328333,0.697247831613966,2604.7,1.4034554992432,107.8,1.21598092420515,1.08895347018886
Jul 2005,1.13128198544178,2005,0.0441362424593874,259.282,1.16651295040739,1.18211918735354,0.709310908870818,2611.2,1.42773666778371,108.7,1.22677649283347,1.0958865070402
Aug 2005,1.13602095230846,2005,0.0441362424593874,259.282,1.16651295040739,1.18718650066929,0.716821943331623,2619.2,1.44285525566748,108.7,1.23976707340701,1.10410838249435
Sep 2005,1.14530081520135,2005,0.0441362424593874,259.282,1.16651295040739,1.19710933282412,0.723446563763713,2626.4,1.45618962481753,110,1.23643737234507,1.09812435833541
Oct 2005,1.15545380986643,2005,0.0441362424593874,259.282,1.16651295040739,1.20796579299959,0.732596435580542,2634,1.4746069469467,109.7,1.25549944252344,1.11183675004943
Nov 2005,1.15680238618377,2005,0.0441362424593874,259.282,1.16651295040739,1.20940780745599,0.748674773591203,2641.1,1.5069702342552,109.6,1.28422463393646,1.13421770516837
Dec 2005,1.16517100928269,2005,0.0441362424593874,259.282,1.16651295040739,1.21835626319679,0.756746621035259,2647.3,1.52321765471428,109,1.30521586192949,1.15005723549908
Jan 2006,1.16187319564442,2006,0.0635369983261467,275.756,1.24062968178485,1.21482995557908,0.762290577332117,2656.6,1.53437680874762,110.4,1.29810501754554,1.13978760969914
Feb 2006,1.16591402048697,2006,0.0635369983261467,275.756,1.24062968178485,1.21915075505021,0.772273885875882,2663.5,1.55447171423331,109.7,1.32349733919226,1.15907260874784
Mar 2006,1.16767304540387,2006,0.0635369983261467,275.756,1.24062968178485,1.2210316566549,0.780471804733962,2671,1.57097289757452,110.3,1.330270794501,1.16173330410072
Apr 2006,1.17481880259909,2006,0.0635369983261467,275.756,1.24062968178485,1.22867251838807,0.791811951182019,2677.4,1.59379891462775,111.4,1.33627305768611,1.16418560333107
May 2006,1.17901130740515,2006,0.0635369983261467,275.756,1.24062968178485,1.23315550719718,0.799621551879647,2685.6,1.60951847164754,112.2,1.33983088459786,1.16372115036229
Jun 2006,1.17810578967697,2006,0.0635369983261467,275.756,1.24062968178485,1.23218724931086,0.807131585051242,2693.3,1.62463504408603,111.8,1.35725324792161,1.17548320874093
Jul 2006,1.18133081921598,2006,0.0635369983261467,275.756,1.24062968178485,1.23563572987349,0.816408438545012,2701.9,1.64330796132031,113.4,1.35348292405041,1.16848671995262
Aug 2006,1.1837103458218,2006,0.0635369983261467,275.756,1.24062968178485,1.23818012556016,0.82299045867258,2713,1.6565565824351,113.9,1.35840548550868,1.16793831017233
Sep 2006,1.17580140217803,2006,0.0635369983261467,275.756,1.24062968178485,1.22972319885714,0.829389151848636,2720.9,1.6694361938426,114.1,1.36656740144521,1.17154438627333
Oct 2006,1.17661086750879,2006,0.0635369983261467,275.756,1.24062968178485,1.23058874921117,0.834344623169562,2727.6,1.67941081572216,113,1.38811478042876,1.18709361227017
Nov 2006,1.18294960936853,2006,0.0635369983261467,275.756,1.24062968178485,1.23736668033721,0.845475136067801,2733.7,1.70181487182409,113.7,1.39797281467344,1.19285634396871
Dec 2006,1.18252398023106,2006,0.0635369983261467,275.756,1.24062968178485,1.23691156084459,0.853684524238637,2738.9,1.7183391411748,114.2,1.40536668814121,1.19688865484617
Jan 2007,1.18810394521476,2007,0.0175662542247497,280.6,1.26242289817385,1.24287814209716,0.863160998390137,2745.7,1.73741386490763,114.7,1.41477292922732,1.20191548046605
Feb 2007,1.19036404993395,2007,0.0175662542247497,280.6,1.26242289817385,1.24529484157211,0.865691074168335,2750.9,1.74250652866852,115,1.41521834589252,1.20002119801843
Mar 2007,1.19755438659554,2007,0.0175662542247497,280.6,1.26242289817385,1.25298337152705,0.869926254442926,2757.1,1.75103131250743,116.4,1.40503715281954,1.18870902856873
Apr 2007,1.19087372410315,2007,0.0175662542247497,280.6,1.26242289817385,1.24583982928292,0.874963103268644,2764.5,1.76116973512102,117.5,1.39994258093875,1.18122845516286
May 2007,1.18937024805215,2007,0.0175662542247497,280.6,1.26242289817385,1.24423218263177,0.879851943344035,2770.6,1.77101023827877,117.8,1.40417959469641,1.1821949478773
Jun 2007,1.19640246386141,2007,0.0175662542247497,280.6,1.26242289817385,1.25175163609324,0.892117645126243,2776.6,1.79569925965366,118.8,1.41177029336407,1.18601721036557
Jul 2007,1.19394228284321,2007,0.0175662542247497,280.6,1.26242289817385,1.24912099773189,0.89907496665455,2783.1,1.80970330630133,119.1,1.41919637958475,1.18947126406503
Aug 2007,1.1996693813695,2007,0.0175662542247497,280.6,1.26242289817385,1.2552449068959,0.902794209907704,2788.5,1.81718958615763,119.3,1.42267818396582,1.1900803772346
Sep 2007,1.19441069979991,2007,0.0175662542247497,280.6,1.26242289817385,1.24962186966216,0.909839098728639,2793.6,1.83136989265555,119.4,1.43257912876071,1.19617485529325
Oct 2007,1.19574224503318,2007,0.0175662542247497,280.6,1.26242289817385,1.2510456730102,0.916090056233242,2798.9,1.84395213427409,118.6,1.45215117488365,1.21022109776469
Nov 2007,1.1952406177899,2007,0.0175662542247497,280.6,1.26242289817385,1.25050928976868,0.921195447856622,2804,1.85422852327775,119.1,1.45411372018591,1.20965251915323
Dec 2007,1.19729604927928,2007,0.0175662542247497,280.6,1.26242289817385,1.25270713492117,0.927985554087049,2808.7,1.86789599056478,118.9,1.46729592530489,1.21857602284551
Jan 2008,1.21030670994461,2008,0.0161261582323591,285.125,1.28278092958596,1.26661925878504,0.943594287458756,2814.8,1.89931403404014,118.8,1.49323174056691,1.23742800840073
Feb 2008,1.21463224883735,2008,0.0161261582323591,285.125,1.28278092958596,1.27124449914767,0.948690576452964,2820.1,1.90957210081404,119,1.49877339677337,1.23968611939774
Mar 2008,1.22697261662548,2008,0.0161261582323591,285.125,1.28278092958596,1.28443988788389,0.957954777292185,2826.8,1.92821955014895,119.8,1.50330305495753,1.24048560421464
Apr 2008,1.2175709040401,2008,0.0161261582323591,285.125,1.28278092958596,1.2743867634973,0.960354685473232,2834.9,1.93305020602431,121.3,1.4884327225282,1.22470569281784
May 2008,1.22683649628469,2008,0.0161261582323591,285.125,1.28278092958596,1.2842943362405,0.962922719215076,2841.8,1.93821927348328,122.2,1.48142127776873,1.21597694155934
Jun 2008,1.22638599940279,2008,0.0161261582323591,285.125,1.28278092958596,1.28381262600437,0.970601970262968,2849.1,1.95367645617295,124,1.4715595242464,1.20478738768634
Jul 2008,1.24018056709259,2008,0.0161261582323591,285.125,1.28278092958596,1.29856297107027,0.972607006390559,2855,1.95771229372147,123.3,1.48297103190255,1.21162109597755
Aug 2008,1.23021911418785,2008,0.0161261582323591,285.125,1.28278092958596,1.28791132391418,0.983295677668817,2860.8,1.97922698879101,124.1,1.48960355159613,1.2145725826528
Sep 2008,1.23589383577716,2008,0.0161261582323591,285.125,1.28278092958596,1.29397922712633,0.984557393098269,2868.4,1.98176663305759,122.8,1.5073045889868,1.22574908808765
Oct 2008,1.23586361004251,2008,0.0161261582323591,285.125,1.28278092958596,1.29394690715618,0.982376221096211,2874.6,1.97737626036328,121.5,1.52005714171136,1.23345345048213
Nov 2008,1.21417543408569,2008,0.0161261582323591,285.125,1.28278092958596,1.27075603329867,0.982887333724187,2880.6,1.97840505356412,121.6,1.51959730265534,1.23051193090809
Dec 2008,1.18950005847985,2008,0.0161261582323591,285.125,1.28278092958596,1.24437098717025,0.978569683629303,2885.7,1.96971427032361,121.2,1.51791512251011,1.22697744559971
Jan 2009,1.18626249179013,2009,-0.0554248136782113,269.322,1.21168303557369,1.24090910080157,0.962264417073398,2891.6,1.93689420982727,120.2,1.50504092510705,1.21408855370892
Feb 2009,1.17158775467723,2009,-0.0554248136782113,269.322,1.21168303557369,1.22521760244988,0.952244333907781,2898.5,1.91672528253336,121.5,1.47343326245775,1.18576174849368
Mar 2009,1.15909059335478,2009,-0.0554248136782113,269.322,1.21168303557369,1.21185455650342,0.942804179246676,2904.8,1.89772366449725,120.9,1.46606608985975,1.17727408468977
Apr 2009,1.15893340300724,2009,-0.0554248136782113,269.322,1.21168303557369,1.21168647498616,0.935213132675455,2911,1.88244402421393,120.4,1.46030126130881,1.17014727658156
May 2009,1.15210992515026,2009,-0.0554248136782113,269.322,1.21168303557369,1.20439022220004,0.934115901755131,2916.3,1.88023546263905,121.4,1.44657324720335,1.15704034441811
Jun 2009,1.17117415504058,2009,-0.0554248136782113,269.322,1.21168303557369,1.22477534594015,0.929158336829496,2922.2,1.87025662664664,122,1.43181941744915,1.14292723740397
Jul 2009,1.17223663995449,2009,-0.0554248136782113,269.322,1.21168303557369,1.22591144671982,0.923855782258263,2926.2,1.85958337814645,121.5,1.4295068931595,1.13952148827279
Aug 2009,1.16895516610642,2009,-0.0554248136782113,269.322,1.21168303557369,1.22240261101926,0.913476145240375,2930,1.83869072277715,122,1.4076533894048,1.12064583485517
Sep 2009,1.17558913874643,2009,-0.0554248136782113,269.322,1.21168303557369,1.22949622843434,0.919711628275387,2934.1,1.85124181660511,121.5,1.42309453227092,1.13135554547396
Oct 2009,1.17765599240815,2009,-0.0554248136782113,269.322,1.21168303557369,1.23170628716156,0.918038565033679,2937.2,1.84787419077582,121.6,1.41933757745445,1.12717786775509
Nov 2009,1.18191768931654,2009,-0.0554248136782113,269.322,1.21168303557369,1.23626326215191,0.924096819878723,2940,1.86006855079041,122.6,1.41705059252712,1.124289868071
Dec 2009,1.19628257946844,2009,-0.0554248136782113,269.322,1.21168303557369,1.25162344532974,0.926830612497778,2942.5,1.86557126605325,121.9,1.42940407095466,1.13312759079315
Jan 2010,1.1953394069168,2010,0.0496803083298059,282.702,1.27187982237899,1.25061492364887,0.932673954268085,2945.6,1.87733303822329,122.3,1.4337114126742,1.13534602159283
Feb 2010,1.21010543703089,2010,0.0496803083298059,282.702,1.27187982237899,1.26640404037468,0.936089715864663,2949.6,1.8842084549395,122.7,1.43427114662876,1.13424900889146
Mar 2010,1.21104235482177,2010,0.0496803083298059,282.702,1.27187982237899,1.26740587392428,0.941713502219355,2953.6,1.8955282949278,122.1,1.44997823707008,1.14511756357993
Apr 2010,1.21088037578259,2010,0.0496803083298059,282.702,1.27187982237899,1.26723267192367,0.952107703443918,2957.7,1.91645026586471,122.3,1.46358507630224,1.15426126685689
May 2010,1.21439819108734,2010,0.0496803083298059,282.702,1.27187982237899,1.27099422435431,0.951098768026557,2961.8,1.91441942991848,122.7,1.45726792790861,1.14768828706854
Jun 2010,1.22113658478634,2010,0.0496803083298059,282.702,1.27187982237899,1.27819949779856,0.951877406925881,2967,1.91598671345187,122.7,1.45846095384193,1.14661476944108
Jul 2010,1.2229578543768,2010,0.0496803083298059,282.702,1.27187982237899,1.28014695679266,0.957651204609318,2970.7,1.92760850378656,123.3,1.46016734998917,1.14652652929772
Aug 2010,1.22540607358727,2010,0.0496803083298059,282.702,1.27187982237899,1.28276480455444,0.960610651405533,2975.2,1.93356542712507,122.7,1.47184197957198,1.15394548317747
Sep 2010,1.22588221597378,2010,0.0496803083298059,282.702,1.27187982237899,1.28327393718255,0.96658088382649,2978,1.94558261117792,122.6,1.48219751944549,1.16097177093974
Oct 2010,1.22726342397721,2010,0.0496803083298059,282.702,1.27187982237899,1.2847508442605,0.973318649939181,2981.3,1.95914472564385,123,1.48767575101736,1.16397291678902
Nov 2010,1.2341550971585,2010,0.0496803083298059,282.702,1.27187982237899,1.29212001738657,0.977702021016682,2984.3,1.9679677953832,122.7,1.49802927537727,1.17089538174614
Dec 2010,1.24658777407016,2010,0.0496803083298059,282.702,1.27187982237899,1.30541411102283,0.980069341785296,2987.2,1.97273285767603,122.9,1.49921276571962,1.17068281243894
Jan 2011,1.24759879472238,2011,0.0645414606193093,300.948,1.35396880384756,1.306495181762,0.994811686912467,2990.2,2.00240699132314,123.5,1.51437095538123,1.18133291770525
Feb 2011,1.25339757235484,2011,0.0645414606193093,300.948,1.35396880384756,1.3126957364269,1.00463041992081,2993.8,2.02217063089483,124.2,1.52069836494024,1.18484234286178
Mar 2011,1.26319560087609,2011,0.0645414606193093,300.948,1.35396880384756,1.32317263609523,1.01294312293274,2997.6,2.03890285755328,124.5,1.52958656140945,1.19025674310904
Apr 2011,1.26091305066253,2011,0.0645414606193093,300.948,1.35396880384756,1.32073193595606,1.02573732336464,3002,2.06465566758785,126,1.53046697898972,1.18919629420101
May 2011,1.26037910298196,2011,0.0645414606193093,300.948,1.35396880384756,1.32016099290712,1.02537849772271,3007.3,2.06393340529084,126.1,1.52871831922414,1.18574413973406
Jun 2011,1.27260279896002,2011,0.0645414606193093,300.948,1.35396880384756,1.33323162605139,1.02654590991394,3011.6,2.06628323125714,125.3,1.54023027772878,1.19296757399062
Jul 2011,1.27611545968784,2011,0.0645414606193093,300.948,1.35396880384756,1.33698766676248,1.02895492072416,3018,2.07113220936226,125.7,1.53893196781571,1.18943429692741
Aug 2011,1.28803301988069,2011,0.0645414606193093,300.948,1.35396880384756,1.34973095304308,1.04171407603375,3022.8,2.09681447881227,126.3,1.55061339921667,1.19655975089745
Sep 2011,1.29237691967706,2011,0.0645414606193093,300.948,1.35396880384756,1.35437582647217,1.04597674624844,3026.9,2.10539459578504,126,1.56066551782796,1.20268538335773
Oct 2011,1.29526953481467,2011,0.0645414606193093,300.948,1.35396880384756,1.35746886080148,1.05710015909593,3030.9,2.12778436054777,127.2,1.5623825414714,1.20241958369995
Nov 2011,1.30103146024502,2011,0.0645414606193093,300.948,1.35396880384756,1.363630009904,1.06353853973517,3034.9,2.140743856877,126.6,1.57934815349378,1.21387442842913
Dec 2011,1.30811416064443,2011,0.0645414606193093,300.948,1.35396880384756,1.3712034458564,1.07546589679108,3038.6,2.16475184097184,126.5,1.59832270313652,1.22696226464038
Jan 2012,1.30805262321444,2012,0.0390765182024804,312.708,1.4068771904567,1.37113764471299,1.08174461731465,3043.6,2.17738996539114,127.1,1.60006469525989,1.22628167570089
Feb 2012,1.31356574705889,2012,0.0390765182024804,312.708,1.4068771904567,1.37703275363741,1.08900478331549,3049.8,2.19200359262281,126.6,1.61716536770119,1.23686797058817
Mar 2012,1.31690929483063,2012,0.0390765182024804,312.708,1.4068771904567,1.38060796414683,1.10568717179797,3056.3,2.22558274309797,126.6,1.64193861141667,1.2531446536631
Apr 2012,1.32397365986706,2012,0.0390765182024804,312.708,1.4068771904567,1.38816179434304,1.10862058507475,3064,2.23148726485937,127,1.64110953179422,1.24936426039921
May 2012,1.31997156973353,2012,0.0390765182024804,312.708,1.4068771904567,1.38388241337353,1.11593463864029,3069.9,2.2462093596912,126.6,1.65715603629667,1.25915572828614
Jun 2012,1.31458216325539,2012,0.0390765182024804,312.708,1.4068771904567,1.37811959375927,1.1370999809634,3075.6,2.28881202509926,126.9,1.68459450862309,1.27763205579862
Jul 2012,1.32003495386053,2012,0.0390765182024804,312.708,1.4068771904567,1.38395018916513,1.14249155924793,3082.8,2.29966446500646,126.8,1.69391688510729,1.28170187044286
Aug 2012,1.31776432570475,2012,0.0390765182024804,312.708,1.4068771904567,1.38152223712145,1.1513685342422,3088.6,2.31753248668753,127.6,1.6963756603183,1.28115193461713
Sep 2012,1.32308273969599,2012,0.0390765182024804,312.708,1.4068771904567,1.38720914542754,1.15685068368699,3094.5,2.32856723278081,127.8,1.70178544242354,1.2827871135877
Oct 2012,1.32469592268627,2012,0.0390765182024804,312.708,1.4068771904567,1.38893410022831,1.16108513575124,3100.4,2.33709055084135,128,1.70534576131705,1.28302461709719
Nov 2012,1.32586633157724,2012,0.0390765182024804,312.708,1.4068771904567,1.39018560266016,1.17115264361484,3105.8,2.35735493695229,127.3,1.72959113206083,1.29900324381644
Dec 2012,1.32882562588968,2012,0.0390765182024804,312.708,1.4068771904567,1.39334993613125,1.17247480050199,3110.9,2.36001624082446,126.5,1.74249420468778,1.30654858139275
Jan 2013,1.3411242033101,2013,0.0570500275016947,330.548,1.48713957286376,1.40650063899126,1.17219471260239,3117.7,2.35945246581484,126.5,1.74207794709175,1.3033874392617
Feb 2013,1.34996877236699,2013,0.0570500275016947,330.548,1.48713957286376,1.41595801732178,1.18790585055227,3123.4,2.39107663437496,127.7,1.74883756969946,1.30605702602323
Mar 2013,1.34565418249558,2013,0.0570500275016947,330.548,1.48713957286376,1.41134448459989,1.20333398776122,3131.3,2.42213116481194,128.1,1.76601913187693,1.31556102162557
Apr 2013,1.35336856284526,2013,0.0570500275016947,330.548,1.48713957286376,1.41959336739827,1.20222829139577,3141,2.41990556356339,128.7,1.75617078194888,1.30418464373574
May 2013,1.35700758836752,2013,0.0570500275016947,330.548,1.48713957286376,1.42348452827869,1.20870581334045,3148.7,2.43294384548057,129.5,1.75472552253194,1.29992465266872
Jun 2013,1.34332012828111,2013,0.0570500275016947,330.548,1.48713957286376,1.40884871192762,1.20243391978875,3155.4,2.42031946273359,129.8,1.74158580754482,1.28745105364741
Jul 2013,1.3545785579235,2013,0.0570500275016947,330.548,1.48713957286376,1.42088719880592,1.22685600077682,3163.8,2.46947745550401,129.6,1.77970057364255,1.31213400280631
Aug 2013,1.35993843390025,2013,0.0570500275016947,330.548,1.48713957286376,1.42661844185357,1.22512895894412,3170.8,2.46600117885226,129.4,1.77994211827513,1.30941496943628
Sep 2013,1.36333404547838,2013,0.0570500275016947,330.548,1.48713957286376,1.43024932348854,1.23639045867614,3178.9,2.4886688918404,129.5,1.79491640538914,1.31706628305725
Oct 2013,1.37232493845089,2013,0.0570500275016947,330.548,1.48713957286376,1.43986316400731,1.24794961438206,3185.1,2.51193574174158,129.3,1.81449959998966,1.32884423312797
Nov 2013,1.36943976262666,2013,0.0570500275016947,330.548,1.48713957286376,1.43677808443539,1.26327325340812,3190.5,2.54277993298095,129.5,1.83394321035074,1.34081051009689
Dec 2013,1.37149243118302,2013,0.0570500275016947,330.548,1.48713957286376,1.43897297522089,1.2681709230338,3195.4,2.55263820870156,129.1,1.84675761961832,1.34810878873434
Jan 2014,1.38825127280433,2014,0.0589475658603289,350.033,1.57480283077864,1.45689297839735,1.26402212671005,3201,2.54428730282303,129.9,1.8293797850937,1.33308693742879
Feb 2014,1.38995905678503,2014,0.0589475658603289,350.033,1.57480283077864,1.45871908876049,1.27238635060309,3206.9,2.5611232333019,130.8,1.82881429656267,1.33022302789675
Mar 2014,1.39685997815588,2014,0.0589475658603289,350.033,1.57480283077864,1.46609815085085,1.28265402528217,3214.4,2.58179052524519,133.1,1.81171476377086,1.31471063276876
Apr 2014,1.40338539710064,2014,0.0589475658603289,350.033,1.57480283077864,1.47307569326459,1.29300207617684,3224.3,2.60261960247724,132.2,1.83876453004065,1.33024288768813
May 2014,1.40280675082545,2014,0.0589475658603289,350.033,1.57480283077864,1.47245695461166,1.29976578478267,3231.4,2.61623393529798,132.8,1.84003199967493,1.3282350196329
Jun 2014,1.40971973614668,2014,0.0589475658603289,350.033,1.57480283077864,1.47984891652135,1.30238097014362,3238.9,2.62149791190709,132.3,1.85070222957008,1.33284387313445
Jul 2014,1.40925051399947,2014,0.0589475658603289,350.033,1.57480283077864,1.47934718361173,1.31339697196688,3244.6,2.64367147435868,132.9,1.85793014074568,1.33569865200745
Aug 2014,1.40398588835365,2014,0.0589475658603289,350.033,1.57480283077864,1.47371779045749,1.32462024065638,3249.6,2.66626223398184,132.7,1.87663069068503,1.34706694642168
Sep 2014,1.41742886926545,2014,0.0589475658603289,350.033,1.57480283077864,1.48809218852652,1.32589524592442,3254.5,2.66882862870386,132.9,1.87561018751648,1.34430736623166
Oct 2014,1.41712825562954,2014,0.0589475658603289,350.033,1.57480283077864,1.48777074642258,1.33884164231607,3257.6,2.69488778641997,133.2,1.88965855294013,1.35308740808821
Nov 2014,1.4025552532541,2014,0.0589475658603289,350.033,1.57480283077864,1.4721880316527,1.31863280426629,3260.6,2.65421042091475,132.1,1.8766332574825,1.34252430117269
Dec 2014,1.41133514764608,2014,0.0589475658603289,350.033,1.57480283077864,1.48157625423685,1.30701666610175,3263,2.6308288738553,131.5,1.86858872105007,1.33578610196794
Jan 2015,1.39645113159557,2015,-0.0370365079863898,337.069,1.51647763315952,1.4656609767415,1.33092335622613,3265.5,2.67894946197688,131,1.91002961640184,1.36436536004255
Feb 2015,1.39213156936504,2015,-0.0370365079863898,337.069,1.51647763315952,1.46104212714312,1.32756566940367,3269,2.67219094108652,132,1.89077752952637,1.34916722709489
Mar 2015,1.38001322031759,2015,-0.0370365079863898,337.069,1.51647763315952,1.44808414005004,1.32441151736948,3273.2,2.66584210525351,133,1.87210265135848,1.33412765628706
Apr 2015,1.37714158164428,2015,-0.0370365079863898,337.069,1.51647763315952,1.44501353557092,1.30797881400517,3277.5,2.63276553354058,133.1,1.84748535561751,1.31485715957693
May 2015,1.37024608788558,2015,-0.0370365079863898,337.069,1.51647763315952,1.43764027715298,1.31366204052835,3281.1,2.6442050176892,133.6,1.84856847793541,1.31418452093266
Jun 2015,1.37460968962406,2015,-0.0370365079863898,337.069,1.51647763315952,1.44230621760288,1.30408307077238,3285.3,2.6249239856493,134.5,1.82280966735795,1.29421539283449
Jul 2015,1.38523199015974,2015,-0.0370365079863898,337.069,1.51647763315952,1.45366450021227,1.28710939815642,3288.2,2.59075852382192,134.6,1.7977477423846,1.27529541508616
Aug 2015,1.38307826969607,2015,-0.0370365079863898,337.069,1.51647763315952,1.45136155598603,1.27084108827495,3290.1,2.5580128515784,135,1.76976592842535,1.2547205266238
Sep 2015,1.37725345850456,2015,-0.0370365079863898,337.069,1.51647763315952,1.44513316398778,1.26897805316244,3293,2.55426284081409,134.6,1.77242310053518,1.25549776019082
Oct 2015,1.36129775863294,2015,-0.0370365079863898,337.069,1.51647763315952,1.42807194944545,1.25983691986961,3295.1,2.53586310802548,135.1,1.75314296291325,1.24104921710766
Nov 2015,1.36578388719741,2015,-0.0370365079863898,337.069,1.51647763315952,1.43286890617682,1.25311408206876,3297,2.52233104201635,134.7,1.74896599349909,1.2373788524222
Dec 2015,1.36124087121834,2015,-0.0370365079863898,337.069,1.51647763315952,1.42801112050074,1.23916685159971,3298.9,2.4942573551385,133.5,1.74504596981225,1.23389439788537
Jan 2016,1.35670155082298,2016,-0.0345567228074964,325.421,1.46407313594666,1.42315728646245,1.20686171169661,3301.4,2.42923194495416,133.7,1.69701019939206,1.19902041288602
Feb 2016,1.3523607379187,2016,-0.0345567228074964,325.421,1.46407313594666,1.41851571380541,1.19796134294537,3304.7,2.41131683514262,133.8,1.68323611660927,1.18810075516773
Mar 2016,1.33445561244996,2016,-0.0345567228074964,325.421,1.46407313594666,1.39937000478058,1.17653320771807,3307,2.36818520696149,135,1.63843332096447,1.15567268354452
Apr 2016,1.34104547612358,2016,-0.0345567228074964,325.421,1.46407313594666,1.40641645707318,1.16959327221149,3309.1,2.35421615577267,135.1,1.62756320465705,1.14727688228915
May 2016,1.32425331649734,2016,-0.0345567228074964,325.421,1.46407313594666,1.38846082740369,1.14345052123114,3312.6,2.30159471191134,135.6,1.58531671159675,1.11631641655213
Jun 2016,1.34132717392928,2016,-0.0345567228074964,325.421,1.46407313594666,1.40671767273516,1.14310653287475,3315.4,2.30090231484883,136.3,1.57670048574381,1.10931156211799
Jul 2016,1.34302213465274,2016,-0.0345567228074964,325.421,1.46407313594666,1.40853007136238,1.15692760090348,3318.5,2.32872205562226,135.6,1.60400176987551,1.12746558035607
Aug 2016,1.35739506710996,2016,-0.0345567228074964,325.421,1.46407313594666,1.42389885406876,1.14961700633703,3321.4,2.31400692323774,135.9,1.59034765732454,1.11689195684808
Sep 2016,1.36779307209528,2016,-0.0345567228074964,325.421,1.46407313594666,1.43501730047313,1.14892766422988,3323.4,2.31261938077826,135.3,1.59644235154981,1.12049751135135
Oct 2016,1.36455974635269,2016,-0.0345567228074964,325.421,1.46407313594666,1.43155994889197,1.14019569411831,3325.5,2.29504323221722,135.8,1.57847597856472,1.10718781163737
Nov 2016,1.38423588528318,2016,-0.0345567228074964,325.421,1.46407313594666,1.45259937871071,1.14698525419099,3327.3,2.30870960017047,135,1.59728501226609,1.11977489844976
Dec 2016,1.39028688834824,2016,-0.0345567228074964,325.421,1.46407313594666,1.45906963462677,1.15570666525272,3329.4,2.32626449494499,134.9,1.61062345313463,1.1284136080921
Jan 2017,1.40294822186281,2017,0.0449909501845303,340.062,1.52994317747254,1.47260822768268,1.15803138571681,3332.6,2.33094380920256,137,1.58912519547094,1.11228273148758
Feb 2017,1.41347239185857,2017,0.0449909501845303,340.062,1.52994317747254,1.48386158063005,1.15833887253022,3335.7,2.33156273412374,136.7,1.59303554767489,1.11398348727597
Mar 2017,1.41618610548966,2017,0.0449909501845303,340.062,1.52994317747254,1.48676331799281,1.16246691485947,3339,2.33987186531842,136.8,1.59754409518085,1.1160321522668
Apr 2017,1.41746413305537,2017,0.0449909501845303,340.062,1.52994317747254,1.48812989562118,1.18067590528028,3341.8,2.37652383694608,137.4,1.61548272467805,1.12761835046502
May 2017,1.42841399776578,2017,0.0449909501845303,340.062,1.52994317747254,1.49983843818196,1.18182620452868,3345.2,2.37883921712044,137.2,1.61941386938082,1.12921343767718
Jun 2017,1.41881217034082,2017,0.0449909501845303,340.062,1.52994317747254,1.48957133369806,1.20291335526721,3348.1,2.42128449457488,136.9,1.65192090426073,1.15088279958143
Jul 2017,1.41297617392817,2017,0.0449909501845303,340.062,1.52994317747254,1.48333098149379,1.19543627361321,3351.9,2.40623424860811,137,1.64045458992699,1.14159860868871
Aug 2017,1.41641398696552,2017,0.0449909501845303,340.062,1.52994317747254,1.48700698857957,1.19739861840999,3356.1,2.41018415489906,137.4,1.63836390151072,1.13871685488034
Sep 2017,1.41959126271508,2017,0.0449909501845303,340.062,1.52994317747254,1.4904044066596,1.21812439477042,3359.2,2.45190203983216,137,1.67158868992937,1.16073701420852
Oct 2017,1.42686408216756,2017,0.0449909501845303,340.062,1.52994317747254,1.49818113434969,1.22015246054981,3362.2,2.45598423262196,137.6,1.66707069278264,1.15656686038451
Nov 2017,1.43636237564823,2017,0.0449909501845303,340.062,1.52994317747254,1.5083375313842,1.2139664047912,3365.3,2.44353262850158,138.4,1.64903141258705,1.14299785249474
Dec 2017,1.4402756310783,2017,0.0449909501845303,340.062,1.52994317747254,1.51252192260418,1.22578999187455,3368.5,2.4673317391772,137.6,1.67477314272638,1.1597375189917
Jan 2018,1.44893612030331,2018,0.0221459616187636,347.593,1.56382524035974,1.52178246685472,1.22535716185745,3373.1,2.46646051715226,138.9,1.65851268755955,1.14691135602307
Feb 2018,1.44210705249321,2018,0.0221459616187636,347.593,1.56382524035974,1.51448023680717,1.22936732513892,3376.8,2.47453237547159,139.7,1.65441176713706,1.14282186923238
Mar 2018,1.44399794339834,2018,0.0221459616187636,347.593,1.56382524035974,1.51650214093348,1.22629273008369,3381.2,2.46834367592666,139.9,1.64791493446426,1.13685270795319
Apr 2018,1.44414429328472,2018,0.0221459616187636,347.593,1.56382524035974,1.51665863089191,1.23051789746619,3386.9,2.47684830531284,140.6,1.64536011177965,1.13317989805935
May 2018,1.47178949290879,2018,0.0221459616187636,347.593,1.56382524035974,1.54621926976372,1.22380006611138,3391.2,2.46332631653008,140.7,1.63521448446275,1.12476448055491
Jun 2018,1.46655154443069,2018,0.0221459616187636,347.593,1.56382524035974,1.5406184021449,1.22097515617432,3395.9,2.45764019574737,140.7,1.6314399025075,1.12061507011072
Jul 2018,1.46490856358384,2018,0.0221459616187636,347.593,1.56382524035974,1.53886158489823,1.22286977741006,3401.8,2.46145378464894,141.8,1.62129607536115,1.1117159225667
Aug 2018,1.47536063786686,2018,0.0221459616187636,347.593,1.56382524035974,1.55003784687294,1.23265137169139,3406.3,2.48114266952322,141.6,1.63657291902168,1.12070868417637
Sep 2018,1.46465166085703,2018,0.0221459616187636,347.593,1.56382524035974,1.53858688227949,1.21309655754758,3410.4,2.44178175622603,141.1,1.61631761893346,1.10550741201155
Oct 2018,1.46596539717727,2018,0.0221459616187636,347.593,1.56382524035974,1.53999164279717,1.22258468306442,3414.9,2.46087993241296,141.4,1.62550343484703,1.11032513752209
Nov 2018,1.46780302918825,2018,0.0221459616187636,347.593,1.56382524035974,1.54195659790672,1.2255916455849,3419.3,2.4669324977908,140.7,1.63760835318877,1.11715416741676
Dec 2018,1.45032563382133,2018,0.0221459616187636,347.593,1.56382524035974,1.52326825490734,1.22366061383248,3423.3,2.4630456199702,140.5,1.63735559363144,1.11567658624856
Jan 2019,1.44460757296407,2019,0.00118529429533965,348.005,1.56567883349605,1.51715400960085,1.23250281678331,3428.3,2.48084365073359,140.5,1.64918716710689,1.1220995787981
Feb 2019,1.43978352429442,2019,0.00118529429533965,348.005,1.56567883349605,1.51199571946141,1.22983865927742,3431.8,2.47548110052839,142,1.6282389773898,1.1067166614195
Mar 2019,1.45630432276621,2019,0.00118529429533965,348.005,1.56567883349605,1.52966118631061,1.23335755366251,3435.9,2.48256410810775,143.1,1.62034582597669,1.10003744977247
Apr 2019,1.48777686367807,2019,0.00118529429533965,348.005,1.56567883349605,1.5633143495695,1.23426626913269,3441.1,2.48439321630437,143.7,1.61476914685336,1.09459490045339
May 2019,1.48520452265308,2019,0.00118529429533965,348.005,1.56567883349605,1.56056378002654,1.24762956594039,3445.5,2.51129153214333,144,1.62885159098741,1.10273087248214
Jun 2019,1.47465789784053,2019,0.00118529429533965,348.005,1.56567883349605,1.54928641644662,1.25778445904404,3450.6,2.53173181165994,142.7,1.65706903440111,1.1201759779876
Jul 2019,1.4732208570479,2019,0.00118529429533965,348.005,1.56567883349605,1.54774980812067,1.25136482982089,3456.7,2.518810059124,143.6,1.63827896603191,1.10551957536553
Aug 2019,1.46922214205108,2019,0.00118529429533965,348.005,1.56567883349605,1.54347403613929,1.24710707502595,3461.2,2.51023983615529,143.4,1.63498187375805,1.10186025619092
Sep 2019,1.47050854475185,2019,0.00118529429533965,348.005,1.56567883349605,1.54484956918656,1.2571740367318,3467.9,2.53050312293245,142.9,1.65394675774591,1.11248773237928
Oct 2019,1.4659034347722,2019,0.00118529429533965,348.005,1.56567883349605,1.53992538723365,1.26175047457403,3473.3,2.53971480716494,143.6,1.65187578683291,1.10936730497407
Nov 2019,1.45390295071529,2019,0.00118529429533965,348.005,1.56567883349605,1.52709343158431,1.26403122933922,3478.1,2.54430562505279,143.6,1.65486173662904,1.10983884501909
Dec 2019,1.47681426730018,2019,0.00118529429533965,348.005,1.56567883349605,1.55159219320851,1.26641120276238,3482.2,2.54909615524499,143.7,1.65682380584469,1.10984642166255
Jan 2020,1.47198782390443,2020,-0.0796051780865217,320.302,1.4410426911293,1.54643134242077,1.25763035153217,3486.9,2.53142161631016,144.7,1.63396530036882,1.09305900933216
Feb 2020,1.47441397180689,2020,-0.0796051780865217,320.302,1.4410426911293,1.54902558963076,1.25301140441171,3491,2.5221243672647,145.5,1.61901316771493,1.08178462188824
Mar 2020,1.41341161933153,2020,-0.0796051780865217,320.302,1.4410426911293,1.48379659738704,1.20227881098767,3495.9,2.42000725193854,144.1,1.56855431874434,1.04660024711892
Apr 2020,1.3243220493389,2020,-0.0796051780865217,320.302,1.4410426911293,1.38853432250358,1.12004511289523,3499.2,2.25448312898245,143,1.47250856116756,0.981588211528192
May 2020,1.32778714663084,2020,-0.0796051780865217,320.302,1.4410426911293,1.39223950427458,1.0925455240106,3502.1,2.19913057355358,144.1,1.42539067015895,0.949392158194446
Jun 2020,1.37301635627798,2020,-0.0796051780865217,320.302,1.4410426911293,1.44060248775878,1.11420850707051,3506.4,2.24273491526244,145,1.44463062817594,0.961027094251426
Jul 2020,1.41214224161142,2020,-0.0796051780865217,320.302,1.4410426911293,1.48243926892184,1.1313126203625,3509.2,2.27716293464222,144.9,1.46781931052853,0.975674035033297
Aug 2020,1.41440201793108,2020,-0.0796051780865217,320.302,1.4410426911293,1.4848556172436,1.1534261835664,3512,2.32167422672403,144.2,1.5037751232734,0.998777292866612
Sep 2020,1.44023651858289,2020,-0.0796051780865217,320.302,1.4410426911293,1.51248010014068,1.17722755627127,3515.3,2.36958282664734,145,1.52633817937146,1.01281154871614
Oct 2020,1.4485386729198,2020,-0.0796051780865217,320.302,1.4410426911293,1.52135748173129,1.17085380429914,3518.7,2.35675341814938,145.2,1.515983259333,1.00496846867314
Nov 2020,1.45680590349648,2020,-0.0796051780865217,320.302,1.4410426911293,1.53019751981639,1.18226913846416,3522.1,2.3797307768204,145.4,1.52865787176771,1.01239242261303
Dec 2020,1.4710971298052,2020,-0.0796051780865217,320.302,1.4410426911293,1.54547893524084,1.17080091802366,3524.9,2.35664696599449,144.8,1.52010239381136,1.00592664864376
Jan 2021,1.48734579582575,2021,0.0476050727126274,335.55,1.50964363322251,1.5628534145325,1.18538824537604,3527.7,2.38600907206884,145.8,1.52848592133902,1.01067161609984
Feb 2021,1.49366794855175,2021,0.0476050727126274,335.55,1.50964363322251,1.5696136071217,1.20415850391157,3531.4,2.4237907923833,146.4,1.54632554650683,1.0213963215104
Mar 2021,1.50596978238784,2021,0.0476050727126274,335.55,1.50964363322251,1.58276779202304,1.21350890664904,3533.5,2.44261175323401,146.9,1.55302884786968,1.0252144023039
Apr 2021,1.49475578509979,2021,0.0476050727126274,335.55,1.50964363322251,1.5707768160616,1.22880423649838,3535.3,2.47339896233884,147.7,1.56408573515537,1.03198777637638
May 2021,1.49094035344838,2021,0.0476050727126274,335.55,1.50964363322251,1.56669702648797,1.22965087203761,3536.2,2.47510311292851,148.6,1.55568392158495,1.02618299742352
Jun 2021,1.51755863546577,2021,0.0476050727126274,335.55,1.50964363322251,1.59515959622173,1.24685211038286,3537.7,2.50972663049981,148.9,1.57426774539074,1.03800122760507
Jul 2021,1.51546139388975,2021,0.0476050727126274,335.55,1.50964363322251,1.59291704410785,1.26621258339386,3540.8,2.54869636419169,150.3,1.58382062818033,1.04338567478916
Aug 2021,1.51977881000253,2021,0.0476050727126274,335.55,1.50964363322251,1.59753359889149,1.27107502584466,3545.3,2.55848373288314,151,1.58253232219394,1.04121368988509
Sep 2021,1.52551090172767,2021,0.0476050727126274,335.55,1.50964363322251,1.60366284721565,1.27485289002968,3550.2,2.56608800789908,150.8,1.58934098101972,1.04425011895854
Oct 2021,1.53767705935445,2021,0.0476050727126274,335.55,1.50964363322251,1.61667195537739,1.27728065225599,3556,2.5709747297975,151.5,1.58501016345271,1.03970604816361
Nov 2021,1.56202603738862,2021,0.0476050727126274,335.55,1.50964363322251,1.64270798898732,1.27584480353049,3562,2.56808458127567,151.6,1.58218403622129,1.036104009795
Dec 2021,1.55420553505665,2021,0.0476050727126274,335.55,1.50964363322251,1.63434563138546,1.28680318571109,3568.1,2.59014216401291,151.7,1.59472167514044,1.04252901528337
Jan 2022,1.563850034575,2022,0.0081954999254954,338.3,1.52201591750611,1.64465836456294,1.30367609222213,3573.9,2.62410479875687,152.8,1.60400123170086,1.04689366604142
Feb 2022,1.57724849012696,2022,0.0081954999254954,338.3,1.52201591750611,1.65898515226559,1.31663113611149,3580.2,2.65018136259125,154.5,1.60211611175419,1.04382326190655
Mar 2022,1.58174263479014,2022,0.0081954999254954,338.3,1.52201591750611,1.66379068050313,1.33249720080987,3586.6,2.68211737550182,156.5,1.60070136020364,1.04104053778259
Apr 2022,1.58549207783565,2022,0.0081954999254954,338.3,1.52201591750611,1.66779990935102,1.3379656963109,3593.3,2.69312463825048,157,1.60215185485729,1.04004102541956
May 2022,1.59499886909882,2022,0.0081954999254954,338.3,1.52201591750611,1.67796539294968,1.35364306350656,3601.7,2.72468083133819,159.2,1.59852506059666,1.03526655644494
Jun 2022,1.59853722367179,2022,0.0081954999254954,338.3,1.52201591750611,1.68174890774264,1.35830524811558,3609,2.734065110975,161.4,1.58216655120858,1.02259952822087
Jul 2022,1.60157389816337,2022,0.0081954999254954,338.3,1.52201591750611,1.684995982795,1.35431620293379,3616.8,2.72603576022871,161.4,1.57752007438266,1.01739751313454
Aug 2022,1.60544440877211,2022,0.0081954999254954,338.3,1.52201591750611,1.68913466755439,1.36746895592875,3627.7,2.75251028289339,160,1.60677787763902,1.03315325891909
Sep 2022,1.60719825267669,2022,0.0081954999254954,338.3,1.52201591750611,1.69101002917253,1.37202309232951,3637.7,2.76167707766299,160.1,1.61112204280901,1.03309873740449
Oct 2022,1.61357743095048,2022,0.0081954999254954,338.3,1.52201591750611,1.6978311984104,NA,3648.8,NA,161.8,NA,NA
Nov 2022,1.6085153535621,2022,0.0081954999254954,338.3,1.52201591750611,1.69241838737435,NA,3657.1,NA,161.6,NA,NA
